host_id,host_name
2536,Megan
4193,Jessica
5887,Bianca
13833,Jeff
14942,Joyce
16993,Syed
30559,Angielena
30832,Siena C.C.
31280,Le
31481,Cassie
33360,Laura
41044,Lisa
43811,Anatoliy
50893,Chris
53050,Robert
54660,Dennis
64929,Kate
89681,Liz
94459,Max
102684,Amanda
103427,Jacqueline M
103825,Patricia
106972,Kelly
107605,Al
110154,Norea
114228,Kelly
139296,Jeffrey
140421,Aleksandra
149902,Robert
165390,SeattleStays - Seth Gordon
197690,Trishann
209571,Cheryl
225830,Lee & Steve
241762,Mark
245266,Michelle
247975,Kevin And Monica
253059,Marie
280827,Daniel
282364,Meade
282560,Rama & Tania
287172,Laura
301107,Perry
306615,Tara
316200,William
328476,Naoko & Henry
328889,Rob
336506,John
340192,Angela
347674,Steve
354229,Jimmy C
357277,Matthew
365687,Erik
373303,Nic
378445,Ralph
398005,Trevor
437055,Jyoti And Tushar
446639,Lael
451467,Kristin
453540,Sid
468703,Corinne & Tom
469139,Courtney
469819,Tina
509820,Susan
509986,Tamara
512103,Mari
525710,Libby
534305,Laurie
541036,Carly
558743,Natalie
587302,Danni
593515,Sarah
595263,Matt
601266,Tim And Pam
601600,Hal
621691,Rachael
627014,Arlene
639972,Eric
658155,Joe
673091,Bernadette
681242,Heather
693388,Hannah
707453,Penny
707754,Molly And Chris
721070,Suzanne
724729,Tania
751008,Elaine
758632,Katie
762860,Julia
767091,Cristian
777748,Michal
784322,Austin
786638,Elena
799089,Michael
802398,Bill And Michael
804996,Nadine
805729,Sid
807116,Rae
819315,Martina
824019,Linda
828164,Emily
832888,Matt And Jess
862329,Prez & 'Keia
865961,James
880937,Connie
900531,Clay (Alex + Chego)
903177,Max
918867,John And Debbie
919364,Jeff
926885,Jamie & Kyle
943212,Grace And Benson
956883,Maija
961775,Connor
969503,Tierney
986445,Tri
986588,Chad
1025723,Dirk & Jaq
1028057,Kim
1030035,Lara
1037115,Rose And Glen
1037140,Miranda
1039322,Manomi
1103381,Alex
1117175,Shimon
1121532,Melissa
1123549,Sandy
1183674,Lisa
1195347,Dorothee + Steffen
1204187,Kara
1204290,Ian
1212520,Jeremy And Rachael
1214247,Marcell
1227807,Margaret
1247007,Alex
1249440,Deborah
1259552,Nick
1276597,Shoshana
1281652,Daniel
1297175,Marianne
1318156,Reed & Suz
1318247,Ethan & Sarita
1336214,Kim
1375021,Charlotte & Larry
1379358,Peter
1387754,Dot & Lucy
1393423,Lori
1420604,Adam
1434762,Carol Jo
1452570,Emily
1463321,Matt
1504972,Vic
1508785,Andrew
1522662,Samir
1526315,Bryan
1528938,Khristy
1529273,Jason
1530205,Arianne
1542131,Dom
1543665,Kaela
1548003,Michael
1551432,Tiffany
1595687,Elizabeth
1606510,Debra Ann
1608733,Bean
1611114,Craig
1611939,Andrew
1619557,Jema
1628476,Ralph
1632640,Karin
1639677,Howard
1640101,Janice
1643089,Brooke
1645336,Lisa
1654423,Kimberly
1658320,Tt
1671337,Don
1676880,Steven
1691585,Mike
1700743,Jeff
1702858,Gerry
1717589,Judy
1729224,Marlow
1729690,Liz
1730412,Desdemona
1743126,Debi
1750768,Sue
1787819,Bryce
1788284,Eric
1792450,Mikyla
1801138,Shauna
1806062,Nathan
1809801,Becky And Jim
1838818,Kia
1845341,Devin
1849458,Dawn Marie
1859394,Andrew
1865986,Sheldon
1870462,Amy & Sean
1872473,Trong And Annie
1929340,Eli & Heather
1942286,Karen
1979300,Justin&Vicky
1991383,Shelly
1999339,Stella
2013576,Lee
2033580,Anthony
2066223,Patricia
2070664,Gillian
2080018,Cassie
2085820,Beverly
2085932,Jarlath
2094547,Samantha & Peter
2103168,Tyson
2108395,Tracy
2127887,Elizabeth
2129659,Eowyn
2144954,Ryan
2172953,Dominique
2207157,Teresa
2208131,Ross
2231298,Chris
2237228,Mimi
2277537,Sally
2309350,Michelle
2316284,Leah
2317941,Ben
2318574,Annie
2325108,Josh And Nicole
2342082,Marilyn
2372441,Bronwyn
2372743,Radley
2373575,David
2380805,Colette
2409388,Lisa
2426183,Lucia
2431399,Jay
2434555,Mary Jo
2438665,Flor
2445799,Allison
2470970,Rob
2476907,Maya
2488409,Max
2497413,Josh And Danya
2497649,Michael
2497928,Gary And Beth
2500100,Sonja
2504722,Kate
2517873,Heather
2536735,Akiko
2593671,Eric
2594393,Shay
2604746,Janet
2611560,Joe
2612779,Serina
2613029,Jeffrey
2617674,Amy
2645609,Marc
2674322,Afifi
2696775,Elfriede
2703575,Courtney
2715103,Dea And Kay
2715434,Megan
2739131,Chad & Ruben
2744582,Malcolm
2754788,Amaris
2777054,Stacia
2777369,Angela
2777549,Susan
2781551,Ron
2789925,Kristen
2798663,Paul & Matthew
2824268,Jeff
2824920,Gerrit & Ann
2834838,Kangie
2872642,Casey
2881621,Arthur And Jessica
2911360,Ren
2929539,Melody
2946002,Jeff
3009864,Jessica
3018655,Louise
3022709,Laura
3023407,Nan
3031025,Andy
3032548,Joanna
3074414,Melissa
3078136,Elizabeth
3105372,Eleanora
3108971,Andrew
3114288,Pj And Joe
3114561,Holly
3118422,Julie
3139639,Alicia
3143442,Eric
3152296,Lynda
3166566,Tim And Michelle
3181546,Farhad
3198637,Scott
3220148,Marie
3236051,Soumya (SK)
3264544,Fabio
3265476,Regina & Bo
3271086,Shelli
3279732,Stacy
3286649,Michael
3294357,Grace
3313235,Leslie
3335257,Elliott
3335490,Jenny
3340441,Roberta
3351141,Eugenia
3381100,Josh
3381463,Katrina
3381564,Toby
3391101,Julian
3394576,Bridget
3422198,Coonoor
3464503,Cathy
3464851,Ev
3483619,Avtar
3502513,Jennifer
3520873,Philippe
3521745,Alex
3539890,Michael
3557909,Matthew
3561228,Stephanie
3584275,Daniel
3593244,Brittni
3600414,Steve
3620313,Catherine
3648128,Josephine
3650951,Candace
3653501,Cara
3655509,Patric
3674895,Chris
3677488,Camila
3685541,Kirsten
3690557,Minh
3725854,Jocelyn
3737272,Cheryl & Steve
3738871,Ashley
3740695,BleuPapillon
3752499,Donna
3755315,Suzie
3792761,Kimberly
3805377,Beth
3837292,Michael
3850986,Ryan
3857778,Justin
3867738,Willie
3921530,Ann Petrich
3930205,Lisa
3932149,Amy
3962006,Colleen
3969704,Anna
3974279,Christian & Jen
3991908,Becky
4037804,Yen
4052132,Melissa
4071088,David
4113814,Kim+Phil
4123883,Lola
4133943,Jill
4137246,Josh
4144919,Jen
4152568,Barrie
4160438,Evan
4181120,Candace
4181260,Joe
4186078,Trung
4186409,Alessya
4199445,Liam
4221474,John
4244686,Emily
4244769,Gabrielle
4252442,Ervin
4286083,Christine
4292542,Lisa
4313679,Kaili
4333497,Ashley
4335914,Chasten
4371576,Ellen/ Tom
4375327,Beatriz
4376788,Carla
4384828,Monique
4411144,Emma
4421734,Tara
4460223,Shane
4463912,Trevor
4485958,Phil And Andrea
4508551,Katie
4540222,Stina
4540636,Tri
4560625,Erik
4610250,Elyse And Earl
4614133,Nathan
4656446,Air Concierge
4678869,Errin
4705328,Lisa
4716190,Timothy
4719178,Liz
4730169,Magic
4746434,Stacy
4754874,Bobby
4791197,Betty
4792476,Alissa
4843543,Yarrow
4856099,Melissa
4858949,Peter
4859351,Carly
4874276,Sarah
4899074,Christina
4924129,Kyle And Kelsey
4935363,Gabriel
4940955,Michael
4942505,Tatiana
4957019,Cynthia
4963359,Stephanie
5011779,Karin
5014920,Jeff
5029583,Kate
5040298,Bev
5040664,Adam
5042380,John
5072241,Jennifer
5101107,Grant
5112492,Leah
5137566,Bonnie
5167419,Lucy And Chris
5216008,Austin
5259943,Sean & Caroline
5269812,Rachel
5293864,Todd
5308727,John
5312600,Rainer
5325329,Blair
5325813,Greg
5387574,Sara
5403550,Jamie
5439562,Bri
5464287,Kelly
5468952,Jennifer
5469163,Shelley
5478198,David
5486919,Nicole
5486995,Tayyab
5507715,Stephanie
5525120,Esther
5538193,Caleb
5548832,Christie
5554259,Jonathan
5567436,Larry & Suzi
5570855,Marian
5630551,Chloe
5635244,Shannon
5644416,Courtney
5687287,Hayden
5692720,Amy
5707983,Kimberly
5736221,Lene & Johnny
5741615,Anne
5761720,Marco
5774906,Carter
5797957,Darren
5819249,Claire
5840685,Ankit
5856339,Anne And Peter
5941255,Shelly
5961811,Thaddaeus
5974613,Rebekah
5976835,Susannah
6031552,Jeanie
6047879,Elizabeth
6066391,Andrew
6067870,Alan
6097333,Karen
6120181,Suzanne And Craig
6136210,Nicole
6137030,Stephen
6165010,Beth
6171087,Becca
6171114,Daniel
6179105,Seth
6198284,Elizabeth
6199233,Vanessa
6230976,Vesna
6239614,Lindsay
6305984,Sarah
6311660,Christine
6358879,Jessica
6372203,Darcy
6378624,Drew
6397518,Sean
6407320,Varun
6426308,Charlie
6432543,Jenny
6483877,Brad
6495905,Andrea
6502788,Aleksey
6506114,Andy
6550306,Porscha
6555745,Drew
6576807,Karen
6584748,Sean And Karla
6587854,Aliza
6592975,Huong And Bill
6601753,Isabel
6645582,John
6654033,"April, Mike, And Maggie"
6668610,Don
6680836,Dimple
6703128,Audrey
6726676,Morgan
6746292,Susie
6802017,Kimberly
6807326,Jenny
6846442,Laurie
6909470,Kristin
6918024,
6919835,Tadd
6931145,Karen
6985440,Debbie
6992010,Annie
7002402,Elisabeth
7008342,Heywood & Julia
7058575,Kristine
7060991,Alice
7074357,Anne
7075688,Miguel
7076008,Ed
7155362,Ryan
7244540,Christina
7260100,Annastasia
7261877,Melody
7274409,Kelly
7307064,Beth
7321624,Carlos A.
7376011,Barbara
7390401,Preben
7435040,Chengying
7441000,Carrie
7466082,Vera
7488822,Bernard
7506078,Lisa
7533180,Simon
7556974,Peggy
7593634,Dustin
7611538,Heather
7652593,Woody
7697045,Danya
7697679,Debby
7704718,Petya And Cooper
7729474,Caspar
7730805,Stephanie
7740890,Daniel
7874632,Ben
7905102,Michael And Kelley
7940078,John
7977439,Jess
8009691,Seattle’s Best Stay
8026420,Sheldon
8040499,Katherine
8117628,Joshua
8146482,Amy
8186843,Alyson
8190637,Chris
8203540,Shannon
8266794,Mike
8269568,Alexander
8280295,Zachary
8284327,Anna
8291976,Marla
8291981,Lynn
8292018,Peter
8315334,Robert
8355603,Yulana
8402666,Myra
8403307,Mario
8414513,Jared
8472702,Mojdeh
8481644,Katha
8501598,Stan
8522669,Andrew
8571236,Tareq
8607308,Lisa
8616799,Jana
8636983,Amy
8642533,Sasha
8660724,Deb
8663396,Alvin
8677106,Becca
8711250,Tita
8733910,Shelley
8802134,Cara
8905591,David
8916363,Paige
8936770,Amy
8956137,William
9018606,Michelle & Ferran
9033582,Jenn
9041726,Allory
9058822,Andre And Joel
9060841,Ruby
9065858,Briana
9106037,Ashok Kumar
9107439,Michael
9129248,Ivan
9148911,Constance
9167897,Derik
9187497,Ellen
9271026,Susan
9295321,Michael
9349809,Kathy
9359786,Aaron
9360273,Graham
9390028,Laura
9412057,Keri
9423452,Daniel
9429356,Nicolas
9429357,Steph
9450725,Ron
9453180,Lara
9485643,Adjua
9533123,Pam
9555983,Dennis
9561032,Kurtis
9599228,Suzanna
9602191,Wynia
9605780,Alex
9605860,Susan
9615311,Aleksander
9621755,Seth
9671138,Susanna
9730102,(Email hidden by Airbnb)
9740329,Marcia And Corey
9746094,Beth
9753561,Julia
9783390,Angelika & Jim
9819174,Xenia
9832490,Jamie
9840816,Matthew
9885864,Sky
9890727,Stephen
9951683,Kelsey & Wes
9974499,Jenny
9975709,Bea
10013531,Cate
10014839,Timothy
10021172,Micheal
10061445,Roland
10087066,Chris
10087675,Alice
10104021,Jiang
10161350,David
10162393,Ignacio
10181843,Kristin & Stuart
10194168,Hollis
10199216,Nicole
10211989,Michelle
10219841,Conni & Stew
10235544,Scott (Aka Skip)
10283735,Mayza
10289892,Nick
10320128,Jana
10351635,Maranda
10392662,Sheryl
10396357,Leif
10397663,Dea
10406036,Larisa
10407182,Ben
10430878,Gray
10437300,Paul
10477566,David
10491318,Vedad
10534771,Lisa
10555118,John
10558142,James
10584593,Alejandra
10618511,Aaron
10623727,Greg
10686097,Vince
10697929,Jenn
10704748,James
10737624,Aditya
10753226,Xiaodi
10771753,Abe
10796075,Shardul
10797296,Chin
10809703,Kelsey
10833493,Connor
10903708,Jesse And Dot
10936741,Barbara & Andy
10974920,Adrienne
10977007,Michelle
10981379,Jan
11021782,Jakub
11039803,Denise
11164643,Megan
11206862,Tammi
11246556,Kari
11268592,Mike
11273423,Chris
11279351,Sarah
11280258,Abram & Arthur
11297697,Scot
11299221,Kelly
11346794,Jon
11377707,Jason
11383663,David
11398060,Matt
11464597,Charles
11510476,Peter
11553494,Jon
11559230,Kateryna
11580391,Shawn
11600938,Brian And Kylie
11640857,Kristi
11656980,LaDora
11660403,Lesa
11697992,Bryan
11715008,Jeff
11737076,Donna
11853720,Kristin
11855897,Merrily
11886925,Alissa
12038774,Seattle Rentals
12086787,Marcus
12092874,Craig And Sarah
12171359,Diane
12178570,Mike
12194562,Kazami
12209677,Calvin/Diane
12273725,Allison
12364405,Lise
12367586,Elisabeth And Joe
12389678,Céline & Kurt
12397907,Nick
12420261,Kari
12428846,Megan
12483454,Kelly
12509177,Susan And Joel
12514491,Danielle & Chris
12556594,Corey
12575330,Megan
12584951,Jimmy
12621577,Brad
12649997,Amy
12657870,Robert
12677600,Joe
12745402,Zack
12842009,Annie
12856022,Jenny
12913415,Michelle
12929465,Jon
12938596,Katie
12951431,Michael
13004337,Joe & Shannon
13034648,Justin
13042181,Kim
13045913,Lauren
13068968,Sara & Barry
13100444,Mark
13103462,Michelle
13110325,Bob & Jeanette
13167330,Whitney
13200167,Kumail
13220175,Kristin
13240442,Adam
13264825,Barbara
13266307,David
13345485,Tim
13364937,Kelly
13379818,Stephanie
13386991,Kelly
13424313,Magnhild
13621927,Tracy
13634020,Camilo
13669439,Matthew
13681407,Roger
13697241,Bonnie
13700761,Mariana
13700897,Pamela
13701143,Ali
13716757,Tammara
13786062,Lucy
13786376,
13869873,Heather
13877700,Jeff
13930301,Ian
13931470,Eli
13959773,Rose Michelle
13960065,Alan
14012754,Lara
14015217,Elsie
14018935,James
14039232,Cristine
14062900,Shawn
14104932,Margaret
14107195,Jean-Sébastien
14138534,Jill
14239076,Roger
14239697,Sheldon
14291665,Jerome
14372052,Kathleen
14410931,Ben
14416668,Mahi
14426041,Christopher
14489132,Laurie
14540599,Gus
14557091,Lisa
14567633,Tina
14659774,Greg And Mary
14677497,Mati
14695150,Amanda
14765995,Nicole
14818123,Brian
14860162,Jenn
14906470,Alec
14926558,Sarah & Katie
14980831,Rebecca
15060417,Ginny
15135436,Nicolas And Jeanna
15178583,Jennifer
15286874,Connie
15288819,Neil
15381977,Glendora
15438773,Jessica
15448957,Libby
15454102,Jen
15502197,Kimberley
15537536,Richard  & Jeri
15547248,Nigel
15548768,Valeria
15566972,Scott
15588536,Ed
15616324,Nicole
15648305,Michael
15732960,Massimo & Mary
15740459,Kenny
15784748,Teresa
15880603,Colleen
15942582,Corporate Condo
15944284,Christopher
16063650,Sarah & Mark
16151000,Jenny
16223902,Michael
16255476,Ken
16258444,Rowland
16306173,Raj
16373615,Sydney
16414205,Karin
16425882,Mary
16537927,Amy Or Ian
16580950,Larry
16587333,Rob And Jessica
16708587,Jill
16718874,Patrice
16719911,Jingjing
16727906,Tory
16870907,Melissa
16913534,Stephanie
16931784,Van
16958396,Lily
16976766,Nick
17013860,Sam
17045750,Sam
17050325,Gina
17060550,Jayson
17088076,M
17162606,Corey And Felie
17167788,Gabriella & Paul
17169483,Kathleen
17182418,Jane
17226758,Julie
17227730,Will
17250269,Tom
17257250,Casey
17269911,Rob
17342935,David
17467433,Ryan
17469341,Chris
17517740,Baurjan
17523418,Sandra
17571737,Cathy Patnoe-Brandt & John
17576448,Janet
17581212,Tim And Arlene
17740302,Analisa
17774840,Shadi
17834927,Jeffrey
17896612,Karly
17932360,Kristi
17935405,Anna
17940075,Patty
17982106,Kirk
17986403,Blair
18017462,Sara
18051175,James
18051211,Lauren & Patrick
18055280,Claire
18110984,Amanda
18116192,Ercileen
18214279,Candace And Nate
18223187,Chuang
18228620,Victoria
18232665,Kim
18250886,Jay
18342756,Becky
18494044,Nate
18497963,Sara
18665153,Wendi
18687921,Tim
18688599,Janet And Betty
18726082,Bobbie
18887656,Emily
18930841,Claudia
18947211,John
18973577,Xinyu
19021868,Mark
19039209,Ted
19075004,Corey
19190587,Kim
19193158,Faith
19195664,Luay
19207515,Mariya
19292422,Claire
19294641,Derek
19304546,Nathaniel
19340919,Sol
19346435,Howard
19403115,Vince
19409558,Casey
19409902,Tyler
19475092,Chris
19484972,Isabell
19570638,Victor
19598332,Reid
19604182,Claire
19660299,Daniel And Teresa
19660469,Jil
19756727,Jamie
19764040,Stephen
19858764,Katherine
19862778,Thomas
19928221,Debbie
19984963,Sarah
19992117,Nora
20041587,Jacob And Jackie
20045693,Lisa
20045771,Josh & Kimberly
20091307,Puneet
20130582,Hailey And Dave
20180013,Andrew
20184201,Sherry
20219463,Dan
20238688,Raquel
20272449,Amanda
20293076,Anya K
20314218,Sara
20329893,Katrina
20339860,Yumi
20427761,Robin
20435133,Matt
20472799,Tamara
20479130,Nicole & Cody
20493911,Kevin
20521336,Dave
20656972,David
20765151,Elizabeth
20822998,Karen
20873639,James
20938463,Beth
20959955,Joshua
20994898,Lin
21008492,Derrick
21021151,Carrie
21069767,Michael
21149225,Anne
21152439,Edin
21175146,Emily
21290502,Diana
21375318,Alyssa
21376171,Carrie
21506921,Will
21528698,Tara
21657484,Chad
21687926,Iain
21708595,Jonathan
21730644,Carolina
21749946,Teasha
21752052,SarahBeth
21816248,Ramnika
21892416,Amanda
21922223,Karra
21939924,Christophe
21973544,Sean & Meg
22027933,Kathryn And Tom
22055187,Marcia
22059674,Deepika
22060525,Luca
22084837,Kristi
22121954,Stephanie
22135040,Alex
22186709,Elena
22218808,Donna
22372266,Sarah
22416652,Diana
22510386,Oak
22556518,Brett
22588057,Darcie
22653808,Ashley
22680126,Sally
22698184,Khoa
22737225,David
22745115,Tommy
22763255,Brianne
22764472,Krystal
22783179,Mary Anne
22816006,Seth
22829514,Allyson
22840181,Samantha
22903020,Owen
22934147,Alice
22986456,Gabriela
22987830,Natalia
22990999,Rebecca
23049722,Jason & Courtney
23093151,Danielle
23094965,Naomi
23130430,Cindy
23160576,Heather
23165079,Jared
23165254,Lux
23169254,Jessica
23227917,Jules
23316438,Justin
23468824,Dominick
23498834,Alexandra
23549241,Kate
23564070,Jason
23591558,Jason
23616276,Morgan
23662629,Tim
23709757,Tamara
23724256,Mary And Howard
23857689,Kabino
23878721,Sallie
23904049,Joshua
23916634,Cyndy
23940524,Sonja
23955020,Carl
23972943,Joy
24087447,Lela
24089598,Andy
24127926,Rebekah And Jacob
24228450,Jenny
24336313,Jeff
24363136,Andrew
24429939,Nicolas
24485668,Eddie
24526173,Connie
24602663,Jennifer
24672125,George
24702474,Wesley
24742368,Erik Mabry
24745881,Valerie
24786046,Shawn
24797644,Rodrigo
24916371,Mc
24988433,James
25061321,Alex & Jose
25068452,Sharon
25110157,Eva & Sid
25147083,Eric
25181582,Sam
25243138,Mat
25273190,Josh
25274592,Kassy
25319995,Bory
25322169,Rabecca
25373047,Andrew & James
25383292,Margaret
25407483,Will
25443995,Alexander
25501472,Tracy
25547379,Fern
25636571,Ben
25714968,Nola
25736673,Renee
25746073,Shawna
25851366,Alasdair
25891765,Helen
25961174,Brittany
25968742,Leslie
25971312,Kanjin
26017435,Roger
26032511,Tracy
26069638,Helen
26086405,Aaron
26107449,Suzanne
26115808,Devon
26231999,Natalie
26232234,Jen
26322633,Megan
26334612,Tarik
26371398,Luz (& Matt)
26372793,Anna
26475960,David
26498368,Peggy
26550967,Colin
26554998,Vanessa
26559947,Estelle
26592123,Kristina
26630462,Gretchen & Sidney
26648538,Stewart
26656825,Susan
26679238,Vela
26710300,Jack
26728349,Yvonne
26736911,Elizabeth
26766503,Miriam
26815448,Dina
26969202,Wesley
27003863,Mariana
27054652,Dan
27066609,Hayley
27128557,Louis & Kevin
27130675,Ted
27267565,Gabrielle
27322459,Drew
27329128,Jorge
27373768,Keith
27375109,Chris
27411460,Sara
27568875,Isaiah
27663401,Manlio
27705800,Katherine
27712111,Laura & Josh
27756359,Kristen And Barrett
27833938,Laura
27919460,Princeton
27958289,Amy
28166766,Joe & Shengyin
28315843,Joseph
28339583,Neil
28375755,Barbara
28379912,Daniel James
28420265,Sherry
28427503,Beth
28452678,Belle
28474312,Pam & Byron
28653007,Andrew
28694313,Ken
28715163,Julie
28739796,Allison
28763024,Yoyo
28824732,Sharon
28878401,Fred And Jennifer
28917785,Gary
28991907,Kelcey
29003959,Ashley & Blake
29193395,Joseph
29231103,Jackie
29342973,Deirdre
29449549,Bill
29517730,Marilyn
29540236,Marisa
29591906,Lynda
29658855,Olessia
29664875,Christine
29666316,Mish
29688752,Tim
29816532,Sean And Barbara
29819513,Alex
29824474,Rachael
29864534,Michael
29934463,Roger
29995399,Daphne
30049045,Tim And Christy
30304047,Nathan
30317824,Liz
30365082,Sarah
30388246,Daniel
30509873,Angela
30550537,Terry
30670258,Matt
30718066,Alan
30988044,Judy
31032387,Susan
31036041,Marlee
31037494,Silvia
31187125,Payton
31213996,Shirley
31245355,Kiela
31306292,Danny
31354928,Ken & Patti
31404048,Elaine & David
31551468,Sandra
31557123,Jen
31558020,Max
31604886,Elon
31664755,Natalie
31671769,Signy
31720881,Al
31751507,Rex
31873481,Andrew
31929629,Mark
32005391,Veronica
32012113,Kerry
32058742,Martha & Josh And Joshua
32059522,Renato
32099252,Kristin
32134569,Kathleen
32138006,Yuehua
32154881,Angel
32169894,Laurie
32262937,Austin
32301036,Stacia And Glenn
32377507,Hugo
32426630,Kevin
32456479,Iris
32522941,Gayle
32552913,P.H.
32631462,Johanna
32689598,Lori
32734364,Peter
32861554,Nancy
32932119,Tori
32940818,Joe
33119827,Maria
33124681,Cheryl
33139872,Amanda
33164719,Anthony
33236866,Jonathon
33244493,Thanh
33252232,Taylor
33299005,Devan
33367198,Mark And Marti
33376933,Vivian
33515006,Andrew
33610698,Alejandra
33664430,Tom & Tracy
33745235,Zia
33771988,Sabina
33776918,Sonia
33987530,Colleen
33995288,Lilah & Nick
34002693,Jeffrey
34118872,Mitchell
34128435,Brandon
34169879,Anu
34238325,Pamela
34298557,Sue
34314645,Chris
34392395,Sam
34596895,Taylor
34656171,Sharon
34665595,Lisa
34779932,Marc
34797993,Lauren
34859303,Judy
34923136,Noelle
34953514,Jeffrey
34956782,Starla
35001718,Tina
35019430,Anne
35065561,Helen
35161537,Manasa
35166626,David
35235304,Yang
35246779,Didi
35349062,Rhonda
35408303,Fabio
35469421,Kristin
35476404,Sabrina
35492206,Matthew
35498588,Kaan
35560959,Amy
35563669,Priscilla
35566596,Nick
35659500,Lisa
35786414,Mike
35909495,Lawrence
35964620,Stacey
36008609,Sam
36076567,Tanarin
36141279,Becky
36370441,Bridget
36373396,Greg
36390224,Stacee And Casey
36397791,Brennen
36436545,Brian
36531198,Howard
36572060,Courtney
36594699,William
36631556,Carmen
36633617,Angie
36663869,Brianne
36677345,Collin
36728465,Fang
36829073,Julie And Mark
36960707,Akash
37052599,Laurel
37091369,Susan
37101658,Heberto
37151043,Jessica
37224930,Ann
37257444,Javier
37265715,Catherine & Daniel
37283489,Debbie
37289605,Georg
37349992,John & Bridget
37371892,Christa
37373833,Minh-Chau
37461306,Rory
37584695,Jonathan
37737562,Gabriel
37780269,Tracy
37795322,Mie
37801519,Jackie
37843551,Tony
37940201,Lori
38014746,Desiree
38021932,Rocky
38034415,Kristen
38082225,Cecilia
38090170,Bobby
38110467,Eric
38118149,Eric And Olga
38153873,Jennifer
38189524,Chris And Laura
38194322,Amie
38271728,Emily
38284695,Josie
38370991,Joel And Sarah
38382317,David
38407350,Lisa
38474213,Jessie
38502645,Ron
38514732,Lars
38697694,Nick
38707958,Lindsey
38862898,Jill
38931617,Jill And Tim
39063067,Hana
39075448,Miz
39088691,Vivian
39197760,Sarah
39233972,Eli
39243231,Meg And Seamus
39395381,Anne Marie
39396688,Arden
39401590,Brian
39456755,Jenifer
39548482,Brad
39631451,Renee
39703249,Chris
39755506,Jamal
39834464,Vera
39871730,Sarah
39880373,Five Star Property
40026044,Leah
40122496,David
40128399,Debra
40152005,Stephen
40235104,Robert
40243315,Olivia
40306585,Dave And Martha
40323640,Scott
40398665,Mariluz
40623437,Seth
40706640,Cathy
40753107,Leela
40881069,Ty
40903607,Kevin
41056418,Andy And Betty
41101068,Elizabeth & Jordan
41118081,Dale
41164311,Tanya
41190810,Kathleen
41193990,Julia
41214779,Natasha
41216300,Sonja
41278972,Courtney
41285599,Naomi
41304049,Bryan
41381863,Josephine
41402752,Kendall
41431186,Carol & Ian
41431805,Meeka And Tony
41432369,Amanda
41487915,Eric
41502911,Lori
41551465,Aman
41673708,Stephen
41775435,Mehrit
41846073,Pamela
41947998,Muni
42151996,Neal
42157539,Heath
42243933,Jenni
42249183,Amanda
42324567,Mike And MJ
42393640,Jonelle
42415214,Jay
42532112,Wendy
42532894,Betsy
42619492,Kari
42640004,Nicholas And Rebecca
42693473,Bryan
42710251,LaCoov'S
42726845,Laurie
42777993,David
42931551,Todd
42942539,Kira
42951812,Shelley
43225269,Holly
43281593,Ann
43384036,Ronny
43428773,Daniel
43798906,Terry
43954679,Karls
43966654,Jon & Barb
44095904,Linda
44096989,Virginia
44101586,Regina
44113701,Sara
44186779,Maggie
44340751,Susan
44373070,Natalie
44396588,Mariana
44468083,Eva
44468800,Greg
44510289,Erika
44752877,Amy
44850521,Ali
44949379,Keith And Audrey
44975633,Terry
45043494,Wendy
45329766,Christa
45345633,Pierre
45680524,Hsiu
45915749,Heather
46123709,Jim
46188658,Pedro
46304181,Andrew
46408947,Jennifer
46428878,Curtis
46554969,Jessica
46561545,Shawn And Ted
46566046,Glen
46771655,Abigail
47064683,Brook And Cat
47332984,Keith
47595129,Jen
47638002,Devon
47655254,Anabela
47745000,Angelique
47929873,Brent
48002378,Moira
48005494,Zeus
48180916,Kim
48256453,Kimberly
48299575,Kenny
48416955,Jessica
48441443,Savannah
48499062,Tamara
48604323,Matt And Amy
48674965,Marcy
48713885,Patrick
48798316,Mariola
48819046,Rob
48862052,Russell
48869167,Christopher
48973090,Tareq
49083043,Erik And Yvonne
49112899,Supriya
49209595,Sam
49292151,Paul & Izabela
49297423,Greg
49728425,Hobie
49741319,Theo
49819362,Eliza
49894948,Karen
50070754,Laura
50246148,Natasha & Ken
50250626,One Fine BNB LLC
50402335,Mei
50412282,Kelly & Will
50472118,Kaysie
50554731,Irvin
50586425,Melissa
50596206,Jeanine
50608719,Pete
50721606,Evalyne
50736702,Ed
50785402,Anthony
50862682,Maureen
50862952,Darren
50943410,Don
51002035,Ryan
51016727,Sabranie
51040817,Robin
51073671,Sonia
51111240,Hal
51115341,Hafsa
51150587,Ben
51239878,Srinath
51321207,Veronika
51371268,Megan
51372899,Rachel
51517056,Keith & Lauren
51601030,Susan
51676305,Vanessa
51816582,Fei
51856061,Maggie
51927790,Eric And Treina
51928443,Cathy
52009006,Joseph
52272417,Emma
52529498,Gaynor
52542927,Jill
52577854,Lawrence
52599704,Jesse & Maren
52640557,Bryan
52724121,Clara
52869748,Ron
52885031,Michelle
52938312,Robin
52999951,Jean-Paul
53026081,Josey
53169216,Judy
53187582,Jamie
53222841,Charlie
53363311,Daniel
53454809,Phuc
53466225,Gerard
53487943,Shelly
53552204,Randy
53624504,Mariann
53650144,Ashley
53892581,Teresa
53953964,Julie
54363958,Amy
54410852,Amy
54494966,Szymon
54495132,Peter
54518454,Debra
54521468,Rebecca
54669634,Paul
54812088,Lynne
54914134,Lea
55046216,Cavin
55046933,Jennifer
55061165,Bev & Grant
55450249,Neil
55486846,Charlie
55574884,Paul
55584831,Esther
55592749,Kate
55710174,Allan
55818779,Caroline
55931138,Gian
55951081,Cary
55993439,Mel
55994209,Jen
56004960,Andrew
56014166,Mara
56120416,Colleen
56261633,Damian
56662173,Jim
56773827,Shelley
56784852,William & Jimi
56788455,Lura
56911340,Tim
57285609,Katarina
57465462,Fifi
57569802,Susan
57590612,Tulika
57758273,Steve
57785965,Paola
57809717,Ryan
57960995,Jacki
58264095,Beth
58264777,Anthony Dwayne
58273695,Blythe
58786324,Haley
58929617,Rose
58936064,Caitlin
59100690,Michael
59411393,Anita
59490761,Mathew
59816374,Kathy
59914738,Drew
60543758,Tim
60557253,Michael & John
60645407,Alyssa
60646339,Lisa
60704884,Victor
60805143,Rebecca
60818835,Elinor
60843140,Joel
60916258,Claire
60991957,Ilana
61080732,Ben
61141478,Martha
61586257,Yuliya
61705520,Tiffany
61853491,Jennifer
61874761,Geoff
61892067,Geri
62648116,Steve
62797356,Kelley
62984756,Nova
63157637,George
63282757,Meghan
63563313,Jane
63674214,Liz
63728784,Moses
63739097,Bill
63944937,Jane
63978361,Thaison
63986971,Alice
64063733,Jill
64476965,Jodi
64483941,Monica
64695502,Cindy
64704179,Diana
65048930,Noam
65158746,Bryan
65159031,Deepa
65212742,John
65237421,Marti
65238919,Alysson
65410799,Tamara
65430246,Cristiany & Todd
65530409,Morris & Sheila
65653719,Mark
65759888,Norman And Renate
65832379,Juliet
65839341,Nicole
65846629,Julie
65959768,Em
66108199,Gabriel
66111007,Jenifer And Chris
66260836,Kristi
66372443,Sara
66460783,Stefani
66517414,Lynn
66529538,Pamela
66580878,Tom
66647347,Rebecca
66755146,Jason
66772521,Jessica
66838530,Ahmadreza
66909032,Randy
67398398,Emma
67399442,Tc
67763902,Bruce
67798837,Mary
68052625,Maura
68158352,Mj
68186108,Sabina
68308352,Michelle
68385710,Leslie
68432468,Nancy & Heather
68454593,Mitesh
68473905,Michan
68548903,Vivian
68582895,Joanna
68756306,Justin
69252269,Karishma
69592020,Katharine
69710857,Sandy
69864273,Karen
70204462,Debra
70225734,Cat
70281924,Quang
70364055,Douglas
70667886,Lisa
70996371,Patrick
71140572,Wendy
71220324,Alexis
71235244,Robert & Julia
71374903,Krisanne
71500140,Danish
71550190,Nicole
71745609,Jerry
71751880,Xiaoxi
71872719,Abe & Dave
71978718,Michael
72207110,Cheryl & John
72507096,Tiffani
72574170,Michael
72621687,Javad & Erin
72623544,Jeri
72771939,Devon And Allen
73038446,Glen
73484597,Lee
73618790,Cary
73849177,Dustin
74007160,Adrielle
74011801,AnnaMaria
74044576,Alaina
74301373,Whitney
74368477,Thomas
74533120,Gretchen
74727763,Malinda
74874305,Karen
75007954,Nathan
75107528,Jody And Ray
75191775,Karlene And Jesper
75299872,Courtney
75319165,Rachel
75333388,Hanh
75505193,Caleb And Sharsti
75658917,Mindy
75897682,Chris & Molly
75924772,Mike
76151472,Michelle
76250871,Renessa
76257497,Suzanne
76261171,Changhwan
76581967,Karleen
76815241,Jordan
76993344,Jeff
77028920,Nidhi
77347820,Adriana C.
77362533,John
77535999,Jay
77736056,Lindsay
77749648,Neil
77936783,Matt
78134139,Michael
78200046,Rachel
78286472,Shan
78372476,Elta
78475236,Charles
78582329,James
78739455,Joe
78747231,Ian
79017320,Cristina
79354480,Alexa
79402947,The Turtle House
79576430,Jackie
79676296,Nick
79720246,Karen
79734048,Kathleen
79736315,Christian
80110815,Rebecca
80259360,Cooper
80275196,John
80333752,Ashley & Mike
80383662,Lori & JK
80553994,Tanya & Tom
80566034,Beata
80566122,Katie
80750480,Jennifer
80780128,Justin And Chris
81130557,Eric
81150668,Debbie
81206141,Kp
81340762,Eric
81881929,Mary
82122019,Jeff
82377119,Michael
82555495,Brian
82858202,Matthew
82931049,Allison
82954285,Gretta
82961680,Addison
82970579,Bret
83094329,Aleksandra Sasha
83142626,Johan
83196787,Lori & Greg
83331742,Dewey
83432804,Lisa
83441897,Grace
83564971,Giovanna
83669366,Thang
84176232,Joy
84358304,David
84563935,Matt
84600516,Yasmeen
84774732,Mardy C Toepke
84891625,Lisa Yoga
84970686,Cynthia Lu
84988450,Maia
85038298,Kathleen
85076667,Sabrina & Perry
85120723,Catherine
85145801,Andrea
85152563,Laura
85720083,Cheryl
85724766,Jerry
85739621,Leah
85888065,Kath & Dave
85916664,Royce
86157147,Lyle
86165300,Jared
86206483,Lucia
86369177,Kevin
86391649,Anna
86601911,Cameron
86614640,Michael
86893100,Larissa
86916137,Paula
87499342,Jeralyn
87802215,Mandy
87816533,Stefan
88020855,Jonathan
88059422,Megan
88232958,Patti
88239283,Mo
88559640,Linda And Frank
88566861,Kasa
88569866,Judy
88779324,Rose
88995260,Chris
89000296,Kris
89025015,Rachel
89042696,Hung
89175627,Saad
89647336,John
89729299,Tiffany
89929099,Tess
90042600,Kaarn
90344123,Eric
90647253,Camille
91020707,Dylan
91317596,Claudette
91504451,Cassie
91586609,Saysha
91755483,David
91766001,Dp
91879440,Diane
92165936,Dan
92376697,Mark And Robin
92529203,Arivany
92742089,Crystal
93010837,Molly
93908277,Paema
93917349,Stephen
94125849,Derek
94202110,Ruth
94381650,Sarah
94672054,Petra
94871259,Stephanie
95016161,Douglas
95178017,Albert
95570325,Amir
95781196,Chris
96038005,Alben
96336138,Jason
96339756,Julie
96486770,Steven
97217149,My Nhung
97324046,Geeta
97413943,John
97862069,Krystof
98035103,Abhi
98049500,Robert
98462282,Ethan
98913111,Sarah
99393157,Ian
99402000,Monika And Heidi
99528063,Ali
99537385,Daniel
99932610,"MGRE 105 Mercer, LLC"
100126629,Phuong
100208194,Brandon
100235648,Christine
100605868,Sharebnb
100819815,Michael
100939883,Manard
101271848,Margaret And Tito
101285257,Jenny
101315084,Skye
101749361,Avery
101954506,Jeff
102005751,Chris
102237042,Mike
102291185,Cidmar
102294510,Andrew
102454676,Pam & Gus
102905968,Daniel
103364909,Hadi
103429068,Tarik
103482739,Nate
103598424,Amanda
103858623,Susan
104055570,Nancy
104127033,Jon
104193136,Levi
104834083,Vacasa Washington
104952277,David
105081920,Linda
105567017,Tawnyel
105858130,Rebecca
106048207,Guillem
106450267,Kim Ninh
106551502,Daniel
106661821,Jakob
106751031,Randi
106926782,Rebecca
107034992,Karen
107076441,Karen
107279528,Susan
107434423,Blueground
107456887,Melissa
107500706,Eric
107551754,Shana
108049935,Talman
108053175,Andy
108156605,Betsy
108270305,Joyce
108351412,Bart
108482930,Michael
108576473,Melissa
109169927,Charlie
109258795,Craig
109269285,Stephanie
109283396,Alex
109483997,Tolle
109645574,Jay
109742467,La Fonda
110075313,Emily
110895565,Ray
111011123,Amy
111066204,Erlinda
111672499,Zach
111772553,Hellen
111812937,Vacasa Washington
111813201,Vacasa Washington
111860199,Wendy
111981295,Theodore
112448661,Vacasa Seattle
112460997,Salina
113093162,Martin
113311459,Brian
113480449,Tram
113716480,Waunda
113731151,Mike And Lori
113884226,Cindy
114587410,Ryker
114686154,Danae
114731080,Jerald
114858194,Elisabeth
114862900,Martin
115260507,Chantal
115520953,Scott & Marcy
115592523,Leland
115755479,Amie
115838490,Wendy
115961154,Kathy
116003864,Stephen
116136917,Chinh
116610090,Cardell
116740214,Luke
116763780,Tarah
116778777,Lynn
117208763,Laurynne
117593676,Lori
117677707,David
117708870,Luke
117925421,Vlad
117993648,Lisa
118393044,Julie
118412894,Wendy
118444562,Derryl & Sharon
118600611,Joanna
118738966,Trung
119259363,Bob & Ting
119547328,Margui
119818549,Vanny
119998477,Jennifer
120264713,Ryan And Molly
120294050,Brian & Amara
121020756,Brandon
121085154,Saul
121138895,Lara
121279612,Jeff
121354307,Jessica
121426692,Dang
121678213,Coleman
121688409,Evolve
121952161,Kara
122537749,David
122723469,Pierre
123097199,Benjamin
123282042,Katya
123468144,Wish
123506966,Lucky
123526690,Christie
123604493,Brian
123656742,Rachel
123979406,Shayan
124060715,Evolve
124471331,Victor
124558729,Matt
124789542,David
125158710,Mingxia
125247394,Codi
125457071,Jed
125574189,Amanda
126116834,Tom
126511331,Sherrie
126626529,Alfredo
126678159,Dana
126687649,Anne
127069597,Richard
127286309,Brian
127598952,Kristy And Joe
127739147,Gordon
128153634,Dawn
128323587,Yulia
128560768,Jimmy
129299910,Amina
129468832,Tracie
129589789,Will
129774306,Casie
130677755,Tophe
130681888,Kristin
130936311,Roman
130945609,Kelly
131000753,Moe & Oksana
131674050,Scott
132222445,Bryce
132675251,John
132702642,Mark + Kate
132729805,Amy
132859604,Katrina
132896815,Lisa
133015453,Janet
133282491,Renate
133284367,Anna
133871979,Joanne & Jonathan
134569943,Terry
135304150,Lorraine And Uffe
135554033,Eddie And Sherri
135583295,Marcus
135690660,Bibiana
135715956,Scott
136125676,Saleem
136214203,Andre
136654539,Mulu
137379895,Tina
137414994,Patrick
137485470,Britt
137763229,Sudha
138628389,Adaje
138784466,Yooeun
138885843,Line
138924514,Vacasa Washington
139011270,Lakshmi
139928025,Farinaz
141058204,Corey And Sandy
141688566,Mt. Baker Home
142063843,Pauls
142248716,Brian
142337722,Terry
142348751,Peter
142668104,Desiree
142928226,Alice
143060164,Todd
143424133,Robert & Dianne
144703346,Vidya
145005066,Vincent
145039691,Irena
145165834,Kay
145335954,Laree
145395136,Aditya
145720154,Chima
145825193,John
146364877,Elisheba
146531416,Janine
146679165,Lorraine
146699128,Lorraine
147197033,Ashley
147226914,Joan
147826931,Christopher
148939282,Susannah
149182566,Tuan
149256684,James
149435895,Allyson
149757297,Ken & Evie
150473705,Ryan
150488044,Toni Marie
150996291,Leigh
151190425,Sudip
151804061,Will
151988464,NJ And Sandy
152054016,Chanel
152359404,Bahia
152734194,Ella
153234367,Madison
153268056,James
153566584,Billy
154093134,Bill
154379764,Suzanne
154874517,Margaret
155022911,Sandra
156572674,Viraj
157521745,Matt
157567756,Tony
157858903,Talour
158097051,Adrian
158190182,Jenny
158256672,Sarah
158313246,Sam
158613703,Kathleen
158715708,Valta
158764973,Shiwen
158911379,Elton
159544835,Noah
159774529,Christine
159891328,Emily
159900749,Douglas
160392384,Jeff
160477510,Carey
160746432,Thu
161760659,Martha
161841146,Patrick And Ellen
162159097,Donald
162181553,Olivia
162400697,John And Dixie
162698280,Kayla
162930610,Shekhar
163261952,Viet
163477356,Mikayla
164507760,Katherine
164833468,Binh
165482347,Chenyu
166251012,Matt
166666674,Bruce
167581406,Deana
167963373,Nhan
168817864,Pinnacle
168997773,Shelley
169906511,Broadcast
170418406,Faith
170652190,Ian
171175671,Shirley
171385784,Vadim
171496186,Katie
171644120,Nick And Jen
173100599,Don
173881474,Zachary
174595902,Shireen
175358193,Emma
175660704,Jocelyn
175870728,Kay
176236589,Regina
176793852,Ricky
177435971,Jianhua
177602036,Song
178506098,Amadou
178613587,Terry
178658069,Bryan
178727973,Tanesha
179254749,Andrew
179604920,Alexandra
180067733,Nick
180543579,Anita
180568114,Michael
180921019,Jessica
181352202,"JoAnn, Marilyn, And Bernie"
181718441,Lara
182268086,Juliana
182288299,Theresa
182430196,Rosty
183255783,Sydney
183354712,Marc
183583319,Alex
183750232,Tommy
183904081,Dawn
184130624,Kimberly
184222969,D And J
185272097,Hana
185280607,Andrea & Lorenzo
185368272,Peyman
185394567,Laura
185881174,Dino
187206038,Chelsea
187696116,Youying
187982569,Joyce
188164325,Daniel
188406168,Faye
188538325,Xiao
188692979,Seattle Property Management
188927517,Yolanda
189432621,Gabriel
189505766,Robert
189578858,Katherine
189649805,Craig
189740568,Kimberly
190175335,Christy
190507384,Cherry
190880343,Julia
191960035,Janine
191975561,Laura
192303333,Lauren
192365131,Joline
192384957,Lisa
192506392,Betsy
192598554,Linda & Seth
192693420,Kit
193954244,Teddy
194607395,Giselle & Ritchie
194726811,Robert
194808915,Colin
195256306,Tiffany
197120628,Marjo
197138091,Amanda
197363501,Melanie
197676739,Svend
198318816,Mayra
198460829,Quela
198522296,David
198699423,Guy
198922750,Joseph
199447906,Chelsea
199565129,Noah And Anastasiya
199744559,Spencer
199763113,Marcela
200181630,Mike
200477568,M
200662655,Korina
201624129,Nancy
201634344,Thomas
202076352,Josh
203271786,Jane
203303514,Vu
203660825,Paul
203785194,Julia
204028931,Alycia
205081928,Phuong
206056391,Anthony & Eva
206208359,Ryan
207122936,Patrick & Justine
207773925,Lisa
208594257,Mark
208691110,Brooke
208910211,Debbie
209142715,Ellen
209532998,Sam
209661273,Emily
210731176,Tricia And Isaac
210794424,MightyHeidi
210983160,Kabir
211011898,Marianne
211742313,Ted
211908204,Charly & Linnea
212826084,Vacasa Washington
212885663,A-Team
213636683,Seema
215121392,Jane
216363005,West Seattle
216382627,Jay
216673757,Elisabeth
217106838,Ashlie
217216000,Danielle
217390660,Janae
217792435,Patrick
218083172,Martha
218247536,Mauricio
218332673,Bryant
219526255,Sonder (Seattle)
220286676,Matthew
220390118,Sarom
220459099,On-Julie
223891615,Ginny
224683101,Mark
224724210,Daniel
225034304,Julie
225461966,Rose
227147777,Atif
227743440,Kenneth
228162888,Khoi
228332961,Ray
228409668,Edward
228443514,Peter
228721932,Rickie
229088971,Eza
229095817,Loftium
229981914,Suzanna
230248235,Allyson
230270645,Martha
230287218,Dorothy
230715390,Sean
231340748,Alice
233495521,Spencer
233969836,Rassoul
234147890,Robert
235339261,Elizabeth
235362223,Lora
235513348,Lina
235543653,Bernard
236420562,Henry
236442276,Kelley
236572187,Karen
236654939,Kenny & James
237294625,Cara
237413517,Sherly
237650812,Aaron
238167649,Nahele
238425582,Allen 阿兰
238741480,Joe
239130549,Haley
240134379,Patty
241568755,Jen
241584087,Brian And Anh
242417904,Amy
242543461,HomeSlice
242754149,Janet
243762276,Billy
243782841,Gwyn
243983185,Bindu
243989608,Dylan
244212300,Debbie
244234168,John David
245014020,Grace
246393790,Ken
246442225,Maheesa
246829135,Christopher
246852381,Robert
247283146,Doug
247549339,Lindsay
248084367,Frank
248962106,Eric
249647830,Brian
250118922,Ella
250175998,Holly And Matt
250973022,Phuong
251831101,Vince
252665253,Erica
252868523,Aimee
253105562,Theo
253355372,Maria
253535695,Alex
253907249,Jay
254175334,Fiia
254408545,Deborah
254786010,Alex
255399130,Lane & Lloyd
255614477,Sharifah
255838177,Sterling
256261465,Raymond
256317110,Jessica
256460775,Manuel
256722917,SoBe
257232141,Yaru
257580933,Linh
258206632,Jamie
258796003,Julia
259251861,Brianna
259452426,Emma
260293621,Michael And Elise
260296338,Rota
260425286,Stephen
261689152,Kirsty
261840044,Robert
262124020,Jayson
262701290,Emmanuel
262897311,Chris
263243483,Luxorts
263359462,Mike
263502162,Landing
263536057,Nate
263945439,Drilona
264641633,Mariko
265276704,Yeuan-Wen
266331121,Ibrahim
267067607,Mike
267415666,Christopher David
267572441,Modern Townhome
267653164,Hotel Theodore
267655311,Guy
267667177,Harry
267840066,Mark
268081550,Olga
268690467,Jose Manuel
268799519,Andrew
269869520,Kim
269905219,Elisa
269920467,Elizabeth
270104354,The Maxwell Hotel
270113921,Hotel Five
270114059,University Inn
270114169,Watertown Hotel
270147913,Cj
270297986,Alina
270823232,Angela
271101203,Alisha
271110898,Binh
271610128,Ian
271663656,Julie
271704137,Ante
271793923,Winslow
272628921,Terrence
273140960,Debbie
273691250,Timothy
274006405,Kerri
274293565,Sandy
275083908,Danae
275133079,Dan
275357383,Michelle
275634850,Cory
275841828,Yui & Ray
276367369,Chia-Yu
276540984,Julie
277184119,Brenna & Joe
277452270,Candice
277886691,Lynh
278217375,Lifu
278405609,Nikk
279760783,Jazzmine
280697623,Tiffany
281546377,Fanus
282524520,Edith
283980553,Karan
284039463,Ash
284456875,Vanessa
286714970,Gilberto
286787483,Michelle
286889835,Jonathan
287232239,Ester
287464918,Logan
289549340,Brian
289634407,Daisy
289666185,Nhat
292885274,Keyi
293265806,Kris
293785809,Marissa
295202276,Elliot
295252224,Arisa
295439663,Holly
295879716,Saving Grace Rescue
295949636,Khynna
296438627,Sharon
297257820,David
297760762,Christine
297949642,Stephanie
298634303,Rosalie
298721073,Ariaan
299023912,Steven And Claudia
299224265,Ming
300549477,Nory
300797655,Allison
301273531,Ali
301531648,Jeremy
302194048,Charles
302503559,Nitin
302638833,Jam
303264614,Courtney
303781996,Michael
305497504,Colleen
306328906,Kerry + 3
308341497,Jocelia
308591390,Hope
308979074,Samantha
310761349,Dev
312662739,Mackenzie
314324381,Sophari
314521613,Hunter
315170671,Jennie
316012822,Andrea
317888141,Joseph
324027900,Alison
324764569,Kelly
325135786,Gabriela
327497273,Eytan
328814696,KayMarie
330581543,Jeffrey
330727055,Chloe
332037199,Hossein
332637211,Janita
332701716,Lisa And Alex
334342008,Capitol
335170207,Irwan
335973028,James
338077094,Taylor
338413349,Bailee
339414830,Campbell | Skye
339435953,Kamaria
339761193,James
340110880,Eric
340706410,Vince
340994747,Hamy
341433634,Jeannie
342103777,Mary
345060168,Vacation Buzz
346462113,A-Team
346950622,Neva
347066650,Zina
347488368,Trisna
349247521,Onat
349435563,Richard
349832761,Shawna
351880691,Michelle
353152177,Plushy
354857797,Tyler
357567003,Tugba
358292517,Royce
359069961,Casey
359138746,Kurt
359206433,Jon
361224830,Rita
361877040,Claire
362445220,Ying
364725335,Doug
365815016,Seattle Property Management
366747971,LeeAna
367697136,Mint House
367889724,Loftium
368076748,Noreen
368468122,Caroline
368944610,Casey
369487132,Barbara
369731804,Jen & Connie
369844359,Desiree
370026008,Dawn
371227093,Lily
371438202,Melanie
372982351,Terence
373292653,Henry
373549227,Horace
374054982,Joel
374079147,Lori
374524587,CitizenM
375166113,Emily
375701490,Andrew
376039037,Hanley
376210116,Ken
376210214,William
377129678,Karen
377551439,Elpida
378152763,Samantha
378310820,Waverley
378977387,Andrew
379462222,Enni
380711893,Michele
382351543,Irmgard
383875985,Sarah
383979288,Talitha
383995762,James
384965760,Gene
385021064,Justin
385258819,Ray
385511631,Sentral SLU
385520586,Sentral First Hill
385633049,Vijya
385751732,Sheila
386420269,Kathryn
386924759,Bob
386927387,Ciara
387457933,Ike
388771176,Barbara
388896787,Ginevra
390273010,Christopher
391344196,Grace Cecilia
392008454,Vivian
393164752,Brian
394977970,Hillary
396713549,Viet
396946288,The Charter
397179876,Salman
397723391,Jamie
397766412,Tammy
398313796,Coleen
398317720,Joanne
398339477,Ginny
399759096,Andrew
399919223,Erica
400489936,Allen 阿兰
401989179,Yang
402210661,Foxglove
402330479,Tali
403341889,Mike
403546810,Sean
403552571,Christopher
403710778,Kim
403721929,Benjamin
404082594,Kyra
404216288,Sahin
405661538,Kottage On Kenyon
405669947,David
405884343,Mark
406074997,Stephen
406445079,Randi
406624338,Crystal
406988479,Adam
407568120,Khadija
407735842,Jian
407865779,Jeanne
407971877,Marcus
408512841,Marie
409129017,Genesis
409726550,Telstar
410010562,Sweetome
410376039,Lee
410506108,Chris
410570167,Jung
411134669,Anastasiia
411777355,Micah
412463063,Chelsea
412622282,Jordan
412922799,Megan
412971138,Gary
414338593,Sonal
415322199,Amy
415326644,Son
415709037,Quang
415867520,Lea
416350114,Paul
416716660,Matt
417181434,Justin & Ashely
417530134,Anne
417659573,Amara
417837518,Brandon
417867406,Louise
418242196,Daniel David
418776029,Judy
418944932,2Plus
419200748,Michelle
419372984,Maggie
419386771,Recreation
419818613,Thomas
419944140,David
420772388,Mandy
421106528,Kenny
421146871,Rosalina
421608872,Lucas
421964201,Joshua
422565085,Marie-Josee
423026895,Juliana
423159304,Vanessa
423366262,Jocelyn
423765042,Vone
423935968,Philippe
424861144,Andrea
424931782,Jim
425060306,Joanne
425259438,Manisha
425400199,Mikaela
425403279,Briona
425573747,Nixon
425655531,Michaela
425920527,Mira
425936962,Nick
425937581,Ryan
426112129,Abbie
426237006,Shuqing
426661122,Gary And Paula
427021161,Lia
427025860,Marie
427090368,Missie
427093209,Annalise
427788134,Charles
428155868,Thu
428158592,Raghav
428251214,Grace
428305135,Makini
428664489,Lilli
428943342,Michael
429003869,Gianna
429183738,Daniel
429298797,Ryan
429555775,Jessica
429923812,Michael
429975853,Zachary
430106444,Brandon
430415105,Michelle
430433073,Melissa
430547728,Louis
430647091,Kaitlyn
430956774,Evan
430960014,Diana
431425306,David
431498801,Adam
431747142,Cecil Bacon Manor
432058918,Scott
432185937,Daniel
432200251,Andrea
432371701,Rae
432527532,Wesley
432619069,Guadalupe
432675332,Thang
433024286,Taneisha
433937708,Skye
433939368,Kellee
434847038,Ana Lea
434923766,Duke
435043120,John
435051427,Beau
435418838,Ribika
435618797,Selina
435719143,Truc
436188583,John
436404870,Susan
436417936,Malcolm
436653376,Jasmine
436654232,Sophie
436672049,Laura
436782022,Ashlan
437027959,Diara
437161942,Allana
437189329,Raymond
438202276,Kevin
438655239,Benjamin
438819456,Hristina
439171297,Rand
439867609,Michael
441000509,Katherine
441321609,Alex
441398074,Karla
441857569,Caroline
442933026,Seattle Modern Home
443035481,Endless Stays
443308434,Alandra
444050089,Ana
444069423,Claire
445730498,Truc
445732930,Emilie
445844057,Ken
446091463,Instastay
446436639,Frank
446538637,Vacasa Washington
446539146,Vacasa Washington
446597020,Gabriela
447294178,Alaina
447658179,Hai
448257792,Hyacinth
448595855,Stephanie
448774474,Ki
